"0","powerout.nysted.re<-powerSimPll(newdat = newdatcor.ny.imp, "
"0","                                model = simmodel, "
"0","                                empdistribution = empdistpower.ny, "
"0","                                nsim=nsim, powercoefid=length(coef(simmodel)),"
"0","                                predictionGrid=predictdata, g2k = g2k, "
"0","                                n.boot=10, nCores = 2)"
"1","Code in parallel"
"1",""
"1"," "
"1"," |                                                  |"
"1"," "
"1","0 % ~calculating  "
"1",""
"1"," "
"1"," |+                                                 |"
"1"," "
"1","1 % ~09m 05s      "
"1",""
"1"," "
"1"," |++                                                |"
"1"," "
"1","3 % ~09m 13s      "
"1",""
"1"," "
"1"," |++                                                |"
"1"," "
"1","4 % ~08m 42s      "
"1",""
"1"," "
"1"," |+++                                               |"
"1"," "
"1","5 % ~08m 28s      "
"1",""
"1"," "
"1"," |++++                                              |"
"1"," "
"1","7 % ~08m 14s      "
"1",""
"1"," "
"1"," |++++                                              |"
"1"," "
"1","8 % ~08m 14s      "
"1",""
"1"," "
"1"," |+++++                                             |"
"1"," "
"1","9 % ~07m 60s      "
"1",""
"1"," "
"1"," |++++++                                            |"
"1"," "
"1","11% ~07m 52s      "
"1",""
"1"," "
"1"," |++++++                                            |"
"1"," "
"1","12% ~07m 46s      "
"1",""
"1"," "
"1"," |+++++++                                           |"
"1"," "
"1","13% ~07m 43s      "
"1",""
"1"," "
"1"," |++++++++                                          |"
"1"," "
"1","15% ~07m 41s      "
"1",""
"1"," "
"1"," |++++++++                                          |"
"1"," "
"1","16% ~07m 36s      "
"1",""
"1"," "
"1"," |+++++++++                                         |"
"1"," "
"1","17% ~07m 31s      "
"1",""
"1"," "
"1"," |++++++++++                                        |"
"1"," "
"1","19% ~07m 20s      "
"1",""
"1"," "
"1"," |++++++++++                                        |"
"1"," "
"1","20% ~07m 10s      "
"1",""
"1"," "
"1"," |+++++++++++                                       |"
"1"," "
"1","21% ~07m 02s      "
"1",""
"1"," "
"1"," |++++++++++++                                      |"
"1"," "
"1","23% ~06m 54s      "
"1",""
"1"," "
"1"," |++++++++++++                                      |"
"1"," "
"1","24% ~06m 45s      "
"1",""
"1"," "
"1"," |+++++++++++++                                     |"
"1"," "
"1","25% ~06m 38s      "
"1",""
"1"," "
"1"," |++++++++++++++                                    |"
"1"," "
"1","27% ~06m 27s      "
"1",""
"1"," "
"1"," |++++++++++++++                                    |"
"1"," "
"1","28% ~06m 16s      "
"1",""
"1"," "
"1"," |+++++++++++++++                                   |"
"1"," "
"1","29% ~06m 08s      "
"1",""
"1"," "
"1"," |++++++++++++++++                                  |"
"1"," "
"1","31% ~05m 58s      "
"1",""
"1"," "
"1"," |++++++++++++++++                                  |"
"1"," "
"1","32% ~05m 51s      "
"1",""
"1"," "
"1"," |+++++++++++++++++                                 |"
"1"," "
"1","33% ~05m 43s      "
"1",""
"1"," "
"1"," |++++++++++++++++++                                |"
"1"," "
"1","35% ~05m 34s      "
"1",""
"1"," "
"1"," |++++++++++++++++++                                |"
"1"," "
"1","36% ~05m 28s      "
"1",""
"1"," "
"1"," |+++++++++++++++++++                               |"
"1"," "
"1","37% ~05m 21s      "
"1",""
"1"," "
"1"," |++++++++++++++++++++                              |"
"1"," "
"1","39% ~05m 13s      "
"1",""
"1"," "
"1"," |++++++++++++++++++++                              |"
"1"," "
"1","40% ~05m 05s      "
"1",""
"1"," "
"1"," |+++++++++++++++++++++                             |"
"1"," "
"1","41% ~04m 57s      "
"1",""
"1"," "
"1"," |++++++++++++++++++++++                            |"
"1"," "
"1","43% ~04m 50s      "
"1",""
"1"," "
"1"," |++++++++++++++++++++++                            |"
"1"," "
"1","44% ~04m 43s      "
"1",""
"1"," "
"1"," |+++++++++++++++++++++++                           |"
"1"," "
"1","45% ~04m 34s      "
"1",""
"1"," "
"1"," |++++++++++++++++++++++++                          |"
"1"," "
"1","47% ~04m 29s      "
"1",""
"1"," "
"1"," |++++++++++++++++++++++++                          |"
"1"," "
"1","48% ~04m 22s      "
"1",""
"1"," "
"1"," |+++++++++++++++++++++++++                         |"
"1"," "
"1","49% ~04m 16s      "
"1",""
"1"," "
"1"," |++++++++++++++++++++++++++                        |"
"1"," "
"1","51% ~04m 08s      "
"1",""
"1"," "
"1"," |++++++++++++++++++++++++++                        |"
"1"," "
"1","52% ~04m 02s      "
"1",""
"1"," "
"1"," |+++++++++++++++++++++++++++                       |"
"1"," "
"1","53% ~03m 55s      "
"1",""
"1"," "
"1"," |++++++++++++++++++++++++++++                      |"
"1"," "
"1","55% ~03m 48s      "
"1",""
"1"," "
"1"," |++++++++++++++++++++++++++++                      |"
"1"," "
"1","56% ~03m 40s      "
"1",""
"1"," "
"1"," |+++++++++++++++++++++++++++++                     |"
"1"," "
"1","57% ~03m 33s      "
"1",""
"1"," "
"1"," |++++++++++++++++++++++++++++++                    |"
"1"," "
"1","59% ~03m 26s      "
"1",""
"1"," "
"1"," |++++++++++++++++++++++++++++++                    |"
"1"," "
"1","60% ~03m 19s      "
"1",""
"1"," "
"1"," |+++++++++++++++++++++++++++++++                   |"
"1"," "
"1","61% ~03m 12s      "
"1",""
"1"," "
"1"," |++++++++++++++++++++++++++++++++                  |"
"1"," "
"1","63% ~03m 06s      "
"1",""
"1"," "
"1"," |++++++++++++++++++++++++++++++++                  |"
"1"," "
"1","64% ~02m 60s      "
"1",""
"1"," "
"1"," |+++++++++++++++++++++++++++++++++                 |"
"1"," "
"1","65% ~02m 53s      "
"1",""
"1"," "
"1"," |++++++++++++++++++++++++++++++++++                |"
"1"," "
"1","67% ~02m 46s      "
"1",""
"1"," "
"1"," |++++++++++++++++++++++++++++++++++                |"
"1"," "
"1","68% ~02m 39s      "
"1",""
"1"," "
"1"," |+++++++++++++++++++++++++++++++++++               |"
"1"," "
"1","69% ~02m 33s      "
"1",""
"1"," "
"1"," |++++++++++++++++++++++++++++++++++++              |"
"1"," "
"1","71% ~02m 26s      "
"1",""
"1"," "
"1"," |++++++++++++++++++++++++++++++++++++              |"
"1"," "
"1","72% ~02m 20s      "
"1",""
"1"," "
"1"," |+++++++++++++++++++++++++++++++++++++             |"
"1"," "
"1","73% ~02m 13s      "
"1",""
"1"," "
"1"," |++++++++++++++++++++++++++++++++++++++            |"
"1"," "
"1","75% ~02m 07s      "
"1",""
"1"," "
"1"," |++++++++++++++++++++++++++++++++++++++            |"
"1"," "
"1","76% ~01m 60s      "
"1",""
"1"," "
"1"," |+++++++++++++++++++++++++++++++++++++++           |"
"1"," "
"1","77% ~01m 53s      "
"1",""
"1"," "
"1"," |++++++++++++++++++++++++++++++++++++++++          |"
"1"," "
"1","79% ~01m 46s      "
"1",""
"1"," "
"1"," |++++++++++++++++++++++++++++++++++++++++          |"
"1"," "
"1","80% ~01m 39s      "
"1",""
"1"," "
"1"," |+++++++++++++++++++++++++++++++++++++++++         |"
"1"," "
"1","81% ~01m 33s      "
"1",""
"1"," "
"1"," |++++++++++++++++++++++++++++++++++++++++++        |"
"1"," "
"1","83% ~01m 26s      "
"1",""
"1"," "
"1"," |++++++++++++++++++++++++++++++++++++++++++        |"
"1"," "
"1","84% ~01m 19s      "
"1",""
"1"," "
"1"," |+++++++++++++++++++++++++++++++++++++++++++       |"
"1"," "
"1","85% ~01m 13s      "
"1",""
"1"," "
"1"," |++++++++++++++++++++++++++++++++++++++++++++      |"
"1"," "
"1","87% ~01m 06s      "
"1",""
"1"," "
"1"," |++++++++++++++++++++++++++++++++++++++++++++      |"
"1"," "
"1","88% ~59s          "
"1",""
"1"," "
"1"," |+++++++++++++++++++++++++++++++++++++++++++++     |"
"1"," "
"1","89% ~53s          "
"1",""
"1"," "
"1"," |++++++++++++++++++++++++++++++++++++++++++++++    |"
"1"," "
"1","91% ~46s          "
"1",""
"1"," "
"1"," |++++++++++++++++++++++++++++++++++++++++++++++    |"
"1"," "
"1","92% ~39s          "
"1",""
"1"," "
"1"," |+++++++++++++++++++++++++++++++++++++++++++++++   |"
"1"," "
"1","93% ~33s          "
"1",""
"1"," "
"1"," |++++++++++++++++++++++++++++++++++++++++++++++++  |"
"1"," "
"1","95% ~26s          "
"1",""
"1"," "
"1"," |++++++++++++++++++++++++++++++++++++++++++++++++  |"
"1"," "
"1","96% ~20s          "
"1",""
"1"," "
"1"," |+++++++++++++++++++++++++++++++++++++++++++++++++ |"
"1"," "
"1","97% ~13s          "
"1",""
"1"," "
"1"," |++++++++++++++++++++++++++++++++++++++++++++++++++|"
"1"," "
"1","99% ~07s          "
"1",""
"1"," "
"1"," |++++++++++++++++++++++++++++++++++++++++++++++++++|"
"1"," "
"1","100% elapsed=08m 08s"
"1","
"
"1","Creating Outputs..."
